,puma,BABS_mf_t,BABS_m,BABS_f,HS_mf_t,HS_m,HS_f,HSINC_mf_t,HSINC_m,HSINC_f
0,Total Geo,39.53574471144965,36.795998946804644,42.177206483631444,52.95420238500341,54.835726847741114,51.14017459969522,7.510052903546925,8.368274205454235,6.682618916673339
1,"NYC-Manhattan Community District 6--Murray Hill, Gramercy & Stuyvesant Town PUMA",84.83184327590453,84.57875784900158,85.0720135554928,13.950994740121425,15.23971074011249,12.728042925727195,1.217161983974034,0.1815314108859328,2.199943518780006
2,Tompkins County PUMA,49.41837144003209,46.76436042284244,51.84976429596229,45.893836074341486,46.83147827059679,45.034843205574916,4.687792485626421,6.40416130656077,3.1153924984628
3,Westchester County (South Central)--New Rochelle & Mount Vernon Cities PUMA,49.43913900257692,45.79902694610779,52.8814959004306,44.75822343489465,46.57248003992016,43.042529345838496,5.802637562528422,7.628493013972055,4.075974753730903
4,"NYC-Queens Community District 7--Flushing, Murray Hill & Whitestone PUMA",41.20675180062746,44.04958328045014,38.09942196531792,53.47090274402368,51.114777679062485,56.04624277456648,5.322345455348858,4.835639040487372,5.854335260115607
5,Madison & Cortland Counties PUMA,29.044104969136868,24.791373330128096,33.33217909207383,63.09700334494293,66.25914351454377,59.90858409224696,7.858891685920204,8.949483155328137,6.7592368156792135
6,NYC-Brooklyn Community District 5--East New York & Starrett City PUMA,14.935550370387151,11.180508955763175,17.87242632216391,69.1547923793127,73.01398854075259,66.13645538958417,15.90965725030016,15.805502503484231,15.991118288251919
7,Dutchess County (Southwest) PUMA,35.27027212095482,34.03284178685248,36.54321673658767,55.70741861707227,55.12072597634094,56.31094935126274,9.02230926197291,10.846432236806567,7.145833912149585
8,"NYC-Bronx Community District 3 & 6--Belmont, Crotona Park East & East Tremont PUMA",13.52361845704906,13.31077928138124,13.660179640718562,58.01340507021704,55.40130657956136,59.689371257485035,28.462976472733903,31.2879141390574,26.650449101796408
9,Dutchess County (North & East) PUMA,36.98854066906641,32.046231482988766,42.07458035983516,57.303259469634426,59.64186879374898,54.89663952826079,5.708199861299165,8.311899723262249,3.028780111904044
10,Erie County (Central) PUMA,24.015924422995685,21.060517561012773,27.01977182386041,71.95944648549009,74.75175864083094,69.1213669918951,4.024629091514228,4.187723798156284,3.8588611842444895
11,Suffolk County (West Central)--Babylon Town (Northwest) PUMA,27.50059171597633,24.83520652534737,30.156405046543494,66.10650887573965,67.55821122018305,64.66001984595758,6.392899408284023,7.606582254469578,5.183575107498937
12,"Otsego, Schoharie, Oneida (South) & Herkimer (South) Counties PUMA",26.494226850803713,24.075815125418373,28.92893650853746,66.61761376499888,68.42540709262532,64.79763752697535,6.888159384197419,7.498777781956301,6.273425964487184
13,NYC-Brooklyn Community District 7--Sunset Park & Windsor Terrace PUMA,51.667452459531674,42.28708664326621,61.44709809964047,38.13609932421814,45.74173286532422,30.206728299948637,10.196448216250197,11.97118049140957,8.34617360041089
14,Westchester County (Northeast) PUMA,70.75965946299935,68.2895934766259,72.86007607122421,26.717237866550242,29.735185844911534,24.15093069440237,2.5231026704504114,1.9752206784625737,2.9889932343734222
15,Nassau County (East Central)--Oyster Bay Town (Central) PUMA,54.77476025465388,50.98754494762624,58.8036367668256,42.68138716522954,46.02115795507843,39.128506486306684,2.543852580116582,2.9912970972953254,2.0678567468677236
16,Niagara County (Southwest)--Greater Niagara Falls & North Tonawanda Area PUMA,23.793594306049823,24.238578680203045,23.340040241448694,68.90035587188612,69.31049069373942,68.48232250646737,7.306049822064057,6.45093062605753,8.177637252083931
17,Nassau County (Central)--Hempstead Town (East Central) PUMA,51.16689743744105,43.2928394216785,58.12511812511813,45.08257580318263,52.99854564120113,38.08731808731809,3.750526759376317,3.70861493712037,3.787563787563788
18,Niagara County (North & East) PUMA,28.389277774715683,28.3448631145128,28.433566946758155,67.63673776846902,68.31395348837209,66.96143543830037,3.973984456815301,3.3411833971151017,4.604997614941475
19,"NYC-Queens Community District 13--Queens Village, Cambria Heights & Rosedale PUMA",31.075722828300144,25.19184969568669,36.638452237001204,61.05836208928992,64.9025315339155,57.42400867280991,7.865915082409927,9.905618770397814,5.937539090188883
20,"Chenango, Delaware & Broome (East) Counties PUMA",18.82849007009346,13.03158050440056,24.479129118304378,68.78285630841121,70.05029213815546,67.54740105255568,12.388653621495326,16.918127357443975,7.973469829139932
21,Oswego County PUMA,22.508921218775736,19.59715715332887,25.49911631864895,67.4508727454748,69.28641998916405,65.56588335406165,10.040206035749463,11.116422857507091,8.93500032728939
22,"NYC-Brooklyn Community District 9--Crown Heights South, Prospect Lefferts & Wingate PUMA",49.91525423728814,45.18373171601855,55.20542481053051,46.3308223477715,48.42430728980854,43.990160882861325,3.753923414940364,6.39196099417291,0.8044143066081638
23,NYC-Queens Community District 10--Howard Beach & Ozone Park PUMA,30.396554817871884,30.952380952380953,29.946072379962313,58.80136371792572,61.08706108706109,56.94886622051849,10.802081464202404,7.960557960557961,13.1050613995192
24,Ontario & Yates Counties PUMA,28.118525289457647,24.31464936972219,31.891006190071607,61.515843997562456,64.21490637620855,58.839058138123555,10.36563071297989,11.47044425406927,9.26993567180483
25,"NYC-Bronx Community District 8--Riverdale, Fieldston & Kingsbridge PUMA",50.08143072242879,47.35212139981419,52.768630320770825,43.23203146606029,45.543511923196036,40.95621417246005,6.686537811510925,7.10436667698978,6.275155506769119
26,Erie County (Northwest) PUMA,34.88193614021311,32.95740275107233,36.677591857857514,61.33252422852451,63.28945422274811,59.50664136622391,3.7855396312623824,3.753143026179559,3.8157667759185783
27,NYC-Brooklyn Community District 14--Flatbush & Midwood PUMA,49.39959149776671,47.17202534616287,51.44098417068135,40.86593495387516,42.59094109363999,39.28509979353063,9.734473548358135,10.237033560197137,9.273916035788025
28,"Rockland County (West)--Spring Valley, Suffern Villages & Monsey PUMA",32.98197150334399,33.40633554947204,32.61356691790589,55.99374818261123,54.47008212749316,57.31649351531202,11.02428031404478,12.123582323034807,10.0699395667821
29,"NYC-Manhattan Community District 1 & 2--Battery Park City, Greenwich Village & Soho PUMA",86.28964858518725,86.60460752117336,85.92397224929763,12.152929783367162,12.148448109829872,12.158133134567972,1.5574216314455898,1.2469443689967654,1.9178946161343962
30,"NYC-Bronx Community District 4--Concourse, Highbridge & Mount Eden PUMA",19.901512486809708,16.966475878986103,22.117283950617285,59.77840309532184,58.09484873262469,61.04938271604938,20.320084417868447,24.938675388389207,16.833333333333332
31,NYC-Queens Community District 1--Astoria & Long Island City PUMA,59.16018559799211,59.600443951165374,58.760124806958935,34.07803702052476,35.71725860155383,32.588483721516596,6.7617773814831335,4.682297447280799,8.651391471524473
32,Erie County (West Central)--Buffalo City (West) PUMA,38.30201032118924,38.70034407256803,37.91546516922143,50.88577370407455,49.781044729433845,51.957808468659884,10.812215974736192,11.518611197998123,10.126726362118681
33,Schenectady County--Schenectady City PUMA,32.080413491411136,29.14544593154092,34.68834688346883,60.51073433734101,61.36444391803862,59.75215091956745,7.408852171247858,9.490110150420467,5.559502196963717
34,NYC-Brooklyn Community District 2--Brooklyn Heights & Fort Greene PUMA,67.9364731996311,68.51730894839973,67.40323209306509,26.7831741515952,25.79359895493142,27.691661919467514,5.280352648773701,5.689092096668844,4.905105987467395
35,"Steuben (North & West), Schuyler & Chemung (North) Counties PUMA",18.472697816561727,15.427821139397476,21.576208178438662,72.88744062741632,74.0243635567875,71.72862453531599,8.639861556021945,10.547815303815012,6.695167286245353
36,NYC-Brooklyn Community District 1--Greenpoint & Williamsburg PUMA,61.008462416913126,58.376230975828115,63.89827384974507,29.252437703141926,32.027752909579235,26.205540880889487,9.73909987994495,9.59601611459266,9.89618526936544
37,Suffolk County (Northwest)--Huntington Town (North) PUMA,60.0433543036215,60.566875029822974,59.532675479426544,37.6216394524163,37.93959059025624,37.31148761869298,2.3350062439622064,1.49353437992079,3.155836901880469
38,Erie County (Northeast) PUMA,37.46363373428382,34.84858888965186,40.032376648342385,60.208925259880566,61.7935864863009,58.6523220127483,2.327441005835616,3.357824624047243,1.3153013389093118
39,Monroe County (North & West) PUMA,33.3277663345024,26.994117867445954,39.54334877564527,63.248529384475496,68.0903675396201,58.49694830502242,3.423704281022101,4.915514592933948,1.9597029193323041
40,Oneida County (Central)--Greater Utica & Rome Cities PUMA,27.277206916042264,26.042831340844586,28.539187525646287,64.53716720532182,65.06120810756573,64.00140688199777,8.185625878635923,8.89596055158969,7.4594055923559415
41,"NYC-Brooklyn Community District 12--Borough Park, Kensington & Ocean Parkway PUMA",36.19129035502364,38.35908364411294,33.85098039215686,48.47128633209293,42.05453576790817,55.39869281045752,15.337423312883436,19.586380587978883,10.75032679738562
42,Erie County (West Central)--Buffalo City (East) PUMA,13.9027999940203,15.584293292319282,12.373694125706457,71.15243747477315,70.57032549671992,71.68179482788149,14.944762531206553,13.845381210960797,15.944511046412057
43,Suffolk County (Northwest)--Smithtown Town PUMA,55.37172208705056,51.283166594171384,59.41499085923218,42.51419302514193,46.175873568218066,38.89307093952755,2.1140848878075156,2.540959837610555,1.6919382012402766
44,Nassau County (Northeast)--Oyster Bay Town (North) & Glen Cove City PUMA,63.09641410649017,62.15095659123833,64.02090558296292,35.43169021041193,35.94585144113093,34.92893078689005,1.471895683097896,1.9031919676307507,1.050163630147023
45,NYC-Manhattan Community District 8--Upper East Side PUMA,88.23589933534993,86.81249686071627,89.22371723368656,10.82165565775665,12.258275151941334,9.824665365309537,0.9424450068934297,0.929227987342408,0.9516174010039041
46,Suffolk County (Southwest)--Islip Town (South) PUMA,40.74228959749085,36.21577441765427,45.48490687219011,54.92733925771041,58.26317940335104,51.43224149004496,4.330371144798746,5.521046178994688,3.0828516377649327
47,"NYC-Brooklyn Community District 6--Park Slope, Carroll Gardens & Red Hook PUMA",75.8185428628604,73.72141901789695,77.78075742677512,19.91749149515878,21.01140054773581,18.893954292184382,4.26396564198082,5.267180434367238,3.3252882810404936
48,Erie County (South) PUMA,35.60259451195522,32.00324631408088,39.182492881006304,60.138044223613655,63.34370350331394,56.949707392542436,4.25936126443113,4.653050182605167,3.867799726451266
49,Albany County (Outside Albany City) PUMA,40.45838593765174,39.61179479332881,41.28377802403887,55.75302407389423,57.80672801591291,53.75074588696616,3.7885899884540266,2.581477190758268,4.96547608899497
50,NYC-Staten Island Community District 2--New Springville & South Beach PUMA,30.76923076923077,27.003032809484424,33.61376035983508,61.894367199734255,61.09181141439206,62.50052059472742,7.336402031034973,11.905155776123518,3.885719045437508
51,Erie County (North Central) PUMA,56.583272641379445,53.00659833174254,59.81052946903318,40.04881601480228,41.78943436942358,38.47824458923089,3.3679113438182786,5.20396729883388,1.7112259417359394
52,"NYC-Staten Island Community District 3--Tottenville, Great Kills & Annadale PUMA",37.11406061466393,31.75731721767982,42.0425740685219,58.34338845908156,61.6897736698661,55.26452070102755,4.542550926254525,6.552909112454082,2.6929052304505436
53,"NYC-Manhattan Community District 12--Washington Heights, Inwood & Marble Hill PUMA",55.73063463539204,47.39379114356632,64.97646213995053,35.48472524354488,42.3144717435879,27.910316763743715,8.784640121063084,10.291737112845786,7.113221096305752
54,NYC-Manhattan Community District 7--Upper West Side & West Side PUMA,81.4390182011119,78.71964010412718,83.72196643398188,17.898913469745555,20.42358531099148,15.779423309499055,0.6620683291425408,0.8567745848813405,0.49861025651906393
55,"NYC-Queens Community District 5--Ridgewood, Glendale & Middle Village PUMA",35.24582809976673,35.925581395348836,34.612718766245024,55.21711824869908,56.3813953488372,54.13273262866054,9.537053651534183,7.693023255813953,11.254548605094437
56,"NYC-Brooklyn Community District 15--Sheepshead Bay, Gerritsen Beach & Homecrest PUMA",41.719062329638376,40.95362508164598,42.48689574839837,50.216245684172264,49.12548080412221,51.31042516016308,8.06469198618935,9.920894114231801,6.202679091438556
57,"NYC-Queens Community District 12--Jamaica, Hollis & St. Albans PUMA",23.63231607916002,17.381730603819026,30.12435677530017,65.23164297358412,69.23103388955789,61.07775871926815,11.136040947255868,13.387235506623085,8.797884505431675
58,Suffolk County (North Central)--Brookhaven Town (North) PUMA,49.18925875085793,42.67008758736618,55.32517278707636,48.22409059711737,52.685127842165805,44.02531434757265,2.586650652024708,4.644784570468017,0.6495128653509868
59,Albany County (East Central)--Albany City PUMA,35.1505788237286,31.267878361131896,38.74755381604697,58.34162239952594,61.34313250891168,55.56099151989563,6.5077987767454655,7.388989129956432,5.691454664057403
60,NYC-Manhattan Community District 3--Chinatown & Lower East Side PUMA,61.35484901741493,59.582104501697174,63.74587211047733,26.703946317303085,26.225585665794892,27.349144401080753,11.941204665281994,14.192309832507929,8.904983488441909
61,Rensselaer County--Troy City PUMA,26.351624894188657,24.29313903464054,28.355932203389834,66.09252511869272,68.02277870340437,64.21307506053269,7.555849987118619,7.684082261955089,7.430992736077482
62,Warren & Washington Counties PUMA,21.369291558336638,16.600968577542517,26.570033473574302,68.3455984958651,69.47009798400721,67.11912293093388,10.285109945798263,13.928933438450276,6.310843595491816
63,Orange County (Northeast)--Greater Newburgh City PUMA,27.61829497184629,26.067495840925297,29.161575150774567,66.10293391287168,68.15733185455122,64.05849659032677,6.278771115282031,5.775172304523489,6.779928258898655
64,"Rockland County (South)--Orangetown, Clarkstown (South) & Ramapo (Southeast) Towns PUMA",56.6771361104106,52.10486750610788,61.034251175285426,36.55746349068066,41.261041157677134,32.07521826729349,6.765400398908733,6.634091336214998,6.890530557421087
65,Fulton & Montgomery Counties PUMA,18.925845660981818,15.072192012000752,22.818181818181817,69.62404598134363,68.81305081567598,70.44318181818183,11.45010835767455,16.114757172323273,6.738636363636363
66,NYC-Brooklyn Community District 11--Bensonhurst & Bath Beach PUMA,32.515880289479504,29.15801764400623,35.70592222838479,52.580349524381376,55.63700051894136,49.6764651506748,14.903770186139115,15.204981837052415,14.617612620940406
67,Monroe County (Central)--Rochester City (East) PUMA,33.08876680641897,34.73461032314666,31.47962830593281,51.38427063755964,52.873227079982456,49.92852037169407,15.526962556021395,12.392162596870888,18.591851322373124
68,Chautauqua County PUMA,20.532325164738392,17.661999939524055,23.427159891433625,71.65133157207495,73.09425176136192,70.19609039065597,7.816343263186663,9.243748299114026,6.376749717910402
69,Nassau County (Northwest)--North Hempstead Town (North) PUMA,80.88517587260388,84.27987801369468,77.87637698898409,18.617352042609568,15.150468956786927,21.690126478988166,0.49747208478654664,0.5696530295183843,0.4334965320277438
70,"Clinton, Franklin, Essex & Hamilton Counties PUMA",24.851075286911453,18.6078480379905,32.139470420891385,66.658813762775,69.57635591102225,63.25285092518297,8.490110950313555,11.815796050987252,4.607678653925644
71,NYC-Queens Community District 6--Forest Hills & Rego Park PUMA,64.55859264924922,55.335326783425884,72.77710109622411,32.3940260053943,38.282785134557884,27.146772228989036,3.047381345356467,6.381888082016232,0.0761266747868453
72,Monroe County (Central)--Rochester City (West) PUMA,17.58318345323741,18.455300830914005,16.8720920741164,66.91996402877697,67.50926018620483,66.43947432862623,15.496852517985612,14.035438982881168,16.688433597257365
73,Orange County (Southeast) PUMA,37.19955857321886,33.18883030658075,40.88592145882691,55.63847894805753,58.34797891036907,53.148108263335494,7.161962478723603,8.463190783050186,5.965970277837605
74,Rockland County (North)--New City & Congers PUMA,48.733155139770574,45.536316617944685,51.87003530450133,45.72335449381891,50.326062514054414,41.206972639011475,5.543490366410513,4.1376208680009,6.922992056487202
75,Westchester County (Southeast) PUMA,67.9965572769171,69.7240352685217,66.3702026735662,30.887334110722414,29.29119432039391,32.39003880983182,1.1161086123604864,0.9847704110843924,1.2397585166019836
76,"NYC-Manhattan Community District 9--Hamilton Heights, Manhattanville & West Harlem PUMA",59.72962533796833,53.762434172030424,64.41940676017475,31.85528518089352,35.01462843768285,29.372269487238444,8.415089481138148,11.222937390286718,6.208323752586802
77,Nassau County (Southwest)--Hempstead Town (Southwest) & Long Beach City PUMA,59.001745681734654,60.1466425356165,57.879656160458445,39.567254685777286,37.50522065989141,41.58821121571838,1.4309996324880558,2.348136804492088,0.5321326238231682
78,NYC-Queens Community District 2--Sunnyside & Woodside PUMA,56.727923239551146,52.8725873096734,61.93607585257684,36.53602211741747,37.986075734420105,34.57715246979661,6.7360546430313875,9.141336955906493,3.4867716776265483
79,"NYC-Bronx Community District 11--Pelham Parkway, Morris Park & Laconia PUMA",25.099582587954682,18.250306055184105,32.13129018224005,57.88193202146691,60.424710424710426,55.27142649973413,17.018485390578412,21.324983520105473,12.597283318025813
80,Onondaga County (Central)--Syracuse City (Outer) PUMA,40.67246071459925,39.96313890403136,41.33546853011112,55.63289313618521,55.8211977260338,55.456883583248406,3.6946461492155462,4.215663369934844,3.207647886640462
81,Wayne & Seneca Counties PUMA,22.57305596830114,18.46518410499453,26.839580966805503,67.72535908865775,70.625227852716,64.71349236400353,9.70158494304111,10.909588042289464,8.446926669190963
82,"NYC-Bronx Community District 7--Bedford Park, Fordham North & Norwood PUMA",25.20298914996048,17.311994493202548,30.859856896126324,61.16619961198534,65.00602305971434,58.41352084875401,13.630811238054177,17.68198244708312,10.726622255119663
83,Nassau County (West Central)--Hempstead Town (Northwest) PUMA,48.61067446978308,45.652386541471046,51.50456872219299,48.60825614858165,51.956181533646316,45.333205759938764,2.7810693816352687,2.3914319248826295,3.1622255178682486
84,NYC-Brooklyn Community District 18--Canarsie & Flatlands PUMA,38.42939121756487,31.818181818181817,44.778674492540965,54.470226214238195,59.09939733469145,50.0244558571778,7.100382568196939,9.082420847126729,5.196869650281243
85,"NYC-Bronx Community District 12--Wakefield, Williamsbridge & Woodlawn PUMA",24.13823633573368,14.455973079080204,31.17737003058104,63.038602290166445,70.68143578238923,57.48216106014271,12.82316137409987,14.862591138530568,11.340468909276249
86,Suffolk County (South Central)--Brookhaven Town (South) PUMA,22.159673273727865,15.570113314447593,27.449754100690793,70.30764621473737,76.5686968838527,65.28129175313416,7.532680511534762,7.861189801699717,7.268954146175058
87,NYC-Queens Community District 4--Elmhurst & South Corona PUMA,38.886679920477135,34.24356942581982,44.41701756933353,52.51822398939695,61.002072412532,42.41324234064179,8.595096090125912,4.754358161648177,13.169740090024684
88,Livingston & Wyoming Counties PUMA,17.51849236144668,15.061248165967175,20.457977876648027,70.65568895662194,72.627699866926,68.29666517000695,11.825818681931382,12.311051967106835,11.245356953345034
89,"NYC-Bronx Community District 10--Co-op City, Pelham Bay & Schuylerville PUMA",31.92410762139565,21.3058736608792,41.12609548201209,58.87447743595241,68.86775027705949,50.21409420144863,9.201414942651946,9.826376062061321,8.659810316539279
90,Cattaraugus & Allegany Counties PUMA,21.168169345354762,18.74735918354081,23.61361920084053,68.45681432118124,68.56372086976306,68.34881964737171,10.375016333464002,12.688919946696137,8.037561151787767
91,Herkimer (North & Central) & Oneida (Outer) Counties PUMA,18.618638466622603,15.333926394517478,21.92316616394312,72.84864507600794,74.89703798886363,70.78789485896118,8.532716457369464,9.769035616618893,7.288938977095693
92,Orange County (Northwest) PUMA,26.001710638857823,22.161632653061226,29.89957243710848,66.38594644384499,68.05877551020409,64.687945378012,7.612342917297191,9.779591836734694,5.4124821848795195
93,Columbia & Greene Counties PUMA,25.42781041339804,22.66309728996296,28.164821201669994,67.4043127668114,68.72272543914335,66.09911054637865,7.167876819790564,8.61417727089369,5.736068251951353
94,Suffolk County (East) PUMA,41.07328482328482,39.78875571154229,42.31014474271504,54.27819646569647,56.54592411098602,52.09462475291717,4.648518711018712,3.6653201774716906,5.595230504367787
95,Monroe County (East) PUMA,48.831365425370876,47.72289510626489,49.78972028564171,48.78443838934302,48.894910384904186,48.6889271500748,2.3841961852861036,3.382194508830923,1.5213525642834966
96,Sullivan & Ulster (West) Counties PUMA,22.452934136286785,20.147058823529413,25.049476957873907,67.9306217823287,68.90961262553802,66.82822408013249,9.616444081384525,10.943328550932568,8.122298961993618
97,Cayuga & Onondaga (South) Counties PUMA,27.54058334433153,23.612803900186027,31.70052313336504,64.56381153490828,65.66809930078902,63.39425232692438,7.8956051207601945,10.719096799024953,4.905224539710578
98,"NYC-Bronx Community District 1 & 2--Hunts Point, Longwood & Melrose PUMA",8.880005389988096,3.711007529580495,14.071573261309926,61.769263592876236,62.58067407673001,60.95431015079901,29.350731017135672,33.708318393689495,24.974116587891064
99,Suffolk County (Southwest)--Babylon Town (Southeast) PUMA,33.86122108772661,30.280685061845862,37.25587479139416,61.809173207381164,65.82778306374881,57.999188128636504,4.329605704892223,3.891531874405328,4.744937079969329
100,Onondaga County (Central)--Syracuse City PUMA,24.486151603498545,25.974830590513072,23.16296678712786,59.67565597667639,56.011616650532424,62.93236964377904,15.838192419825074,18.0135527589545,13.904663569093097
101,Ulster County (East) PUMA,32.230629195585394,26.96664568911265,37.43565084573174,58.98566389805438,63.63636363636363,54.38705662725576,8.783706906360223,9.396990674523714,8.1772925270125
102,NYC-Queens Community District 9--Richmond Hill & Woodhaven PUMA,31.984277187363517,32.09737564201787,31.863077735052403,55.44111224341244,52.747484697108284,58.32767850410917,12.57461056922405,15.155139660873848,9.809243760838422
103,NYC-Brooklyn Community District 13--Brighton Beach & Coney Island PUMA,24.668928023790716,17.72512692616015,32.24208276666019,53.60345708842525,52.92598200766011,54.342335340975325,21.727614887784025,29.348891066179743,13.415581892364484
104,Broome County (West Central)--Greater Binghamton City & Greater Johnson City Village PUMA,31.681601525262153,28.694907335306024,34.54756033774191,59.35748331744518,62.346207755801274,56.489576328177534,8.960915157292659,8.958884908892696,8.962863334080549
105,Nassau County (South Central)--Hempstead Town (Southeast) PUMA,48.6395251365006,41.20005797381516,55.20904436860068,48.122975146695666,53.88666119136191,43.03327645051195,3.237499716803734,4.913280834822938,1.757679180887372
106,Saratoga County (Outer) PUMA,33.357257595953385,32.62493389740878,34.141249734626,60.62237260330154,59.87903225806451,61.41815865826905,6.02036980074507,7.496033844526706,4.440591607104947
107,"NYC-Manhattan Community District 4 & 5--Chelsea, Clinton & Midtown Business District PUMA",79.79961977713945,76.66140627739786,83.69734304025886,17.570736716484188,22.491921545051476,11.458527782963102,2.629643506376365,0.8466721775506626,4.844129176778048
108,NYC-Brooklyn Community District 4--Bushwick PUMA,37.11617565314063,34.24066774866682,39.76505766766339,45.7342968315731,47.094829584975656,44.48099102947458,17.14952751528627,18.664502666357524,15.753951302862024
109,Suffolk County (Central)--Islip Town (East) PUMA,39.94732746752858,36.31437402159515,43.537765788638524,55.89074439855549,57.845301649741096,53.959060615677565,4.161928133915923,5.84032432866375,2.50317359568391
110,Westchester County (Southwest)--Yonkers City PUMA,39.29987222750057,37.48419721871049,41.06105589260359,52.40146774563444,54.90052565040921,49.97741061055893,8.298660026864987,7.615277130880298,8.961533496837486
111,Nassau County (West Central)--North Hempstead Town (South) PUMA,49.96055226824458,48.999041335363444,50.92076364250718,45.92279515356438,45.829808830993066,46.01565579771358,4.11665257819104,5.171149833643489,3.063580559779242
112,"NYC-Queens Community District 8--Briarwood, Fresh Meadows & Hillcrest PUMA",40.415710550189445,35.16114592658908,45.205549321636234,55.120337264528516,60.74865711727843,49.98979904110987,4.463952185282032,4.090196956132497,4.804651637253902
113,Jefferson & Lewis Counties PUMA,22.33328987207904,21.990408995700584,22.71325168738356,69.41196922943196,69.22610517032301,69.61793360412912,8.254740898488997,8.783485833976409,7.668814708487311
114,Suffolk County (Central)--Brookhaven Town (West Central) PUMA,36.08210145698181,32.15364519552617,40.356175334191946,60.25523769009891,63.45007755735163,56.779322289825465,3.6626608529192812,4.396277247122214,2.8645023759825907
115,Suffolk County (Northwest)--Huntington Town (South) PUMA,55.884754154486316,53.72236503856042,58.15560714864208,41.776618998709544,44.20051413881748,39.2311430268344,2.33862684680414,2.077120822622108,2.6132498245235136
116,NYC-Brooklyn Community District 16--Brownsville & Ocean Hill PUMA,14.191291895018038,14.849932805733912,13.806344634987127,61.68654126848614,60.95266537255487,62.11546013876161,24.12216683649583,24.197401821711214,24.078195226251253
117,"NYC-Staten Island Community District 1--Port Richmond, Stapleton & Mariner's Harbor PUMA",28.99737010006069,26.675006102025872,31.414959504525964,60.42545245172033,62.99731510861606,57.74813403207877,10.57717744821898,10.327678789358066,10.836906463395266
118,Chemung (South) & Steuben (East) Counties--Greater Elmira & Greater Corning Cities PUMA,27.0460358056266,20.87450400684665,33.56338838222003,67.39530051150895,70.5399517622345,64.07443924081834,5.5586636828644505,8.58554423091885,2.36217237696163
119,Monroe County (Central)--Greece & Gates Towns PUMA,29.970340916498273,26.891179531947756,32.87419651056015,66.20331138778437,67.4243696068227,65.05177163484373,3.826347695717359,5.684450861229561,2.074031854596118
120,NYC-Queens Community District 3--Jackson Heights & North Corona PUMA,40.81487968639226,35.62592390881506,46.80927557073522,49.95204136953168,53.73064654166343,45.586913535861946,9.233078944076066,10.643429549521514,7.603810893402841
121,"NYC-Queens Community District 14--Far Rockaway, Breezy Point & Broad Channel PUMA",35.66651535784536,35.04189578423671,36.20350047836119,48.37343017097897,47.27022780832679,49.32185266475322,15.960054471175669,17.6878764074365,14.474646856885586
122,NYC-Brooklyn Community District 10--Bay Ridge & Dyker Heights PUMA,53.698125836680056,49.97764363961547,57.403696281451786,40.816041945560016,44.37178627319472,37.27454909819639,5.485832217759929,5.650570087189806,5.321754620351815
123,Broome (Outer West) & Tioga Counties PUMA,27.965197257746503,29.802213754309566,26.139642238892097,64.38869091764195,62.15568862275449,66.60776110790536,7.646111824611544,8.042097622935946,7.25259665320254
124,Putnam County PUMA,42.67173768237392,42.29850370929209,43.06437389770723,54.777713315713704,55.601659751037346,53.91093474426808,2.5505490019123744,2.0998365396705645,3.0246913580246915
125,"NYC-Brooklyn Community District 17--East Flatbush, Farragut & Rugby PUMA",42.38866957545536,32.97872340425532,48.84399813171415,53.43514093773807,60.88510638297873,48.324381130312936,4.176189486806566,6.136170212765958,2.83162073797291
126,"NYC-Queens Community District 11--Bayside, Douglaston & Little Neck PUMA",53.227923445560265,53.40487470746047,53.02453746227529,45.93266383810018,45.89873851247218,45.9716572628264,0.8394127163395502,0.6963867800673554,1.0038052748983073
127,Nassau County (Central)--Hempstead Town (Northeast) PUMA,42.338606241983754,42.00426439232409,42.68842132890075,53.877725523728095,53.85258581044358,53.90402869515769,3.7836682342881574,4.143149797232326,3.4075499759415604
128,Suffolk County (Central)--Brookhaven Town (Central) PUMA,32.778269240776396,29.719494621133414,36.05997411189414,62.03361606910548,62.43171688059251,61.606500791025454,5.188114690118124,7.84878849827407,2.333525097080397
129,NYC-Manhattan Community District 10--Central Harlem PUMA,44.58805594220189,47.23127035830619,42.65637995812659,47.29899913833101,43.95824339704093,49.74044225198612,8.112944919467092,8.810486244652878,7.603177789887286
130,"NYC-Bronx Community District 5--Morris Heights, Fordham South & Mount Hope PUMA",15.756919746404824,8.703646950658902,20.05099819640525,62.420751507654245,69.9867197875166,57.81454070526774,21.82232874594093,21.309633261824498,22.13446109832701
131,NYC-Manhattan Community District 11--East Harlem PUMA,35.46355685131196,31.00992976507629,39.599640125955915,43.36559766763848,42.305643012836036,44.34997750787225,21.170845481049565,26.68442722208767,16.05038236617184
132,Westchester County (Northwest) PUMA,55.49246648956665,49.950587026129575,61.329946702198534,40.64445480907671,44.92627584298533,36.1342438374417,3.8630787013566406,5.123137130885085,2.53580946035976
133,Onondaga County (North) PUMA,42.01324306227215,41.80596877587952,42.20854285879429,55.23249758202514,55.507161917614944,54.97370094214207,2.754259355702701,2.6868693065055362,2.8177561990636377
134,NYC-Brooklyn Community District 8--Crown Heights North & Prospect Heights PUMA,45.72988518659986,44.49702409991219,46.782456578782956,47.97672276271148,52.166064981949454,44.40001666041901,6.293392050688655,3.3369109181383547,8.817526760798033
135,NYC-Brooklyn Community District 3--Bedford-Stuyvesant PUMA,35.29523700785903,31.51826033583235,38.19178266424585,48.30545565260414,51.82603358323469,45.60554098581131,16.399307339536833,16.655706080932966,16.20267634994284
136,Genesee & Orleans Counties PUMA,16.61623370444381,13.105917828872974,20.19604074572362,74.62936530592825,77.03731624575951,72.1737459158178,8.754400989627937,9.856765925367508,7.6302133384585815
137,Westchester County (Central)--White Plains City PUMA,67.37316869312895,62.77315296566077,71.70458372883431,29.997949882512497,33.54903746097815,26.65421476468967,2.6288814243585494,3.677809573361082,1.6412015064760095
138,Saratoga County (South & Central) PUMA,49.64257909264633,49.55046773195501,49.72971111799745,47.729846415174464,47.51210279183198,47.93581930241366,2.627574492179206,2.937429476213009,2.3344695795888852
139,Monroe County (South) PUMA,58.252488987345,59.7434696638568,56.82373472949389,39.23688029944237,38.940056197315016,39.521316379955124,2.51063071321264,1.316474138828182,3.6549488905509846
140,Suffolk County (Central)--Islip Town (Northwest) PUMA,23.527882114995666,18.909825033647376,28.43604720467279,65.45507078878937,68.27052489905788,62.46274883776374,11.017047096214966,12.819650067294752,9.101203957563477
141,St. Lawrence County PUMA,23.68249961756157,21.008094186902134,26.57668418537984,65.88649227474377,67.08241353936718,64.59229176620481,10.431008107694662,11.909492273730685,8.831024048415353
142,Nassau County (West Central)--Hempstead Town (West Central) PUMA,45.263000224679836,40.385377451951655,50.21893401781669,52.47771925006865,56.25123835942144,48.64361568272183,2.2592805252515165,3.363384188626907,1.1374502994614728
143,Nassau County (Central)--Hempstead Town (North Central)--Meadowbrook Corridor PUMA,33.36790959218213,28.88917213689376,36.72348756147639,57.13817764917836,60.94576508826716,54.28544143627943,9.493912758639516,10.16506277483908,8.991071002244187
144,"NYC-Bronx Community District 9--Castle Hill, Clason Point & Parkchester PUMA",17.187448607045358,14.631284070260447,19.150915963943007,62.07611091010755,62.1782253179891,61.99767374236696,20.736440482847087,23.190490611750455,18.851410293690027
145,Nassau County (Southeast)--Oyster Bay Town (South) PUMA,45.76949189863662,43.38444885441097,48.237622283623324,52.028552030387,54.03211257441819,49.95519378687178,2.201956070976384,2.5834385711708463,1.8071839295048915
146,Capital Region,32.88605893328162,30.573333181225305,35.15393105917098,60.71227522531597,62.00151347486985,59.448040809629646,6.4016658414024095,7.425153343904841,5.398028131199379
147,Central NY,31.797461601027283,29.933996023856857,33.61171041901085,60.60486391346534,61.27183565275016,59.95550784032373,7.597674485507379,8.794168323392975,6.432781740665421
148,Finger Lakes,32.14847536535217,29.86626437250265,34.372868109232286,59.92563821330462,61.87583244991709,58.02485080904219,7.925886421343208,8.257903177580255,7.602281081725515
149,Long Island,44.926714222400435,41.783489027111585,47.98285762847673,51.13701116434164,53.65736190464298,48.686485727119944,3.9362746132579196,4.559149068245426,3.3306566444033208
150,Mid-Hudson,43.45163306180042,40.16952287979388,46.67356596966203,50.328467233875294,52.797038364414014,47.905157192523376,6.219899704324285,7.033438755792106,5.421276837814598
151,Mohawk Valley,22.995653428867342,20.389406522179463,25.632792485055507,68.2861605854288,69.18000135034772,67.38172502134927,8.718185985703856,10.430592127472824,6.985482493595217
152,New York City,47.067338724415755,44.58238314574971,49.36239124337764,43.26193020994374,44.87751991420287,41.76980566164126,9.670731065640506,10.540096940047416,8.867803094981106
153,North Country,23.73492601989908,20.294054325594747,27.609965045561996,67.36988149879788,68.85428253615127,65.69817954054109,8.895192481303038,10.851663138253974,6.691855413896914
154,Southern Tier,27.751595580357435,24.49895560667354,30.96788109337621,64.05129519715523,65.36381904233099,62.75344131142398,8.197109222487331,10.137225350995479,6.278677595199812
155,Western NY,29.778374260945267,27.984355332302485,31.533326062122924,63.61797671297472,64.9690891646299,62.296286516305685,6.603649026080018,7.046555503067611,6.170387421571385
